ST_CASE,VE_TOTAL,PEDS,PERSONS,COUNTY,MONTH,DAY_WEEK,YEAR,HOUR,ROAD_FNC,ROUTE,LATITUDE,LONGITUD,HARM_EV,MAN_COLL,RELJCT2,TYP_INT,REL_ROAD,WRK_ZONE,LGT_COND,WEATHER,SCH_BUS,FATALS,DRUNK_DR,AGE,SEX_1,SEX_2,SEX_8,SEX_9,REST_MIS,DRUGS,BT_Sedan,BT_Pickup,BT_SUV_Van,BT_Motorcyle,BT_Truck,BT_Bus,BT_Unknown_Other,BT_Motorcycle,OOS_REG,TRAV_SP,DR_DRINK,PREV_ACC,PREV_DWI,PREV_SPD,SPEED_REL,VSPD_LIM,ACC_TYPE_A,ACC_TYPE_B,ACC_TYPE_C,ACC_TYPE_D,ACC_TYPE_E,ACC_TYPE_F,ACC_TYPE_G,ACC_TYPE_H,ACC_TYPE_I,ACC_TYPE_J,ACC_TYPE_K,ACC_TYPE_L,ACC_TYPE_M,MDRDSTRD,MVIOLATN
410001,2,0,2,39,1,2,2012,20,3,4,44.20094444,-123.171875,12,2,2,3,1,0,2,10,0,2,1,37,2,0,0,0,0,9,1,0,1,0,0,0,0,0.0,0,999,1,0,0,0,9,55,0,0,0,0,0,0,1,0,0,0,0,0,0,99,0
410002,1,1,2,51,1,6,2012,19,13,3,45.48111667,-122.6733972,8,0,3,2,1,0,3,2,0,1,0,45,1,2,0,0,0,9,0,0,1,0,0,0,0,0.0,0,999,0,0,0,0,0,0,0,0,1,0,0,0,0,0,0,0,0,0,0,99,0
410003,2,0,3,51,1,5,2012,22,13,3,45.47268056,-122.6400833,12,1,1,1,1,0,3,1,0,1,1,31,2,1,0,0,0,9,2,0,0,0,0,0,0,0.0,1,999,1,1,0,2,0,0,0,0,0,1,0,0,0,0,0,0,0,0,0,99,0
410004,2,0,6,39,1,1,2012,17,2,3,44.06760833,-123.4586528,12,6,1,1,1,0,2,10,0,1,0,21,4,2,0,0,1,9,1,0,1,0,0,0,0,0.0,0,999,0,0,0,0,1,0,0,0,0,0,0,0,0,0,1,0,0,0,0,99,0
410006,2,0,3,27,1,6,2012,12,2,3,45.46926667,-121.5626472,12,6,1,1,1,0,1,1,0,2,2,35,3,0,0,0,0,9,1,0,1,0,0,0,0,0.0,0,999,1,0,0,3,0,0,0,0,0,0,0,0,0,0,1,0,0,0,0,99,0
410007,1,1,1,29,1,5,2012,9,4,6,42.43275278,-123.1634889,8,0,3,3,1,0,1,2,0,1,0,72,2,0,0,0,0,9,0,0,0,0,0,0,0,0.0,1,999,0,0,0,0,0,0,0,0,1,0,0,0,0,0,0,0,0,0,0,99,0
410008,1,1,1,53,1,6,2012,10,4,4,45.05774722,-123.09005,9,0,1,1,1,0,1,1,0,1,0,41,2,0,0,0,0,0,0,1,0,0,0,0,0,0.0,0,999,0,0,0,1,0,0,0,0,1,0,0,0,0,0,0,0,0,0,0,99,0
410009,1,1,1,51,1,7,2012,18,15,6,45.48736667,-122.5912722,8,0,3,2,1,0,2,10,0,1,0,39,2,0,0,0,0,9,0,1,0,0,0,0,0,0.0,0,999,0,0,0,0,0,0,0,0,1,0,0,0,0,0,0,0,0,0,0,99,7
410010,2,0,12,47,1,1,2012,3,3,3,45.00684444,-122.9757556,12,2,1,1,1,0,2,10,0,2,1,20,8,4,0,0,0,9,1,0,1,0,0,0,0,0.0,0,999,1,0,0,0,0,0,0,0,0,0,0,0,1,0,0,0,0,0,0,99,0
410011,1,0,1,33,1,3,2012,99,5,4,42.650625,-123.5849111,42,0,1,1,4,0,9,99,0,1,0,22,1,0,0,0,0,9,0,0,1,0,0,0,0,0.0,0,999,0,0,0,1,1,0,0,0,0,0,0,0,0,0,0,0,0,0,1,99,0
410012,1,0,3,31,1,6,2012,21,2,2,44.70799167,-121.1778528,1,0,1,1,4,0,3,5,0,1,1,43,1,2,0,0,0,9,0,1,0,0,0,0,0,0.0,0,999,1,0,0,0,1,0,0,1,0,0,0,0,0,0,0,0,0,0,0,99,1
410013,3,0,8,67,1,1,2012,19,13,3,45.49855833,-122.7616611,12,2,1,1,1,0,2,5,0,1,1,32,5,3,0,0,0,9,2,1,0,0,0,0,0,0.0,0,999,1,0,0,5,1,0,0,0,0,0,0,0,1,0,0,0,0,0,1,99,0
410014,1,1,3,39,1,5,2012,14,2,3,44.07569167,-122.77945,8,0,1,1,1,0,1,10,0,1,0,36,4,0,0,0,0,9,0,1,0,0,0,0,0,0.0,0,999,0,0,0,1,0,0,0,0,1,0,0,0,0,0,0,0,0,0,0,99,0
410015,1,1,3,39,1,7,2012,21,1,1,43.82846389,-123.031725,9,0,1,1,1,0,2,10,0,1,0,15,3,1,0,0,0,9,0,0,1,0,0,0,0,0.0,0,999,0,0,0,0,0,65,0,0,1,0,0,0,0,0,0,0,0,0,0,0,0
410016,1,1,1,41,1,1,2012,18,13,2,44.98670833,-124.0062194,8,0,1,1,1,0,3,2,0,1,0,47,0,2,0,0,0,9,1,0,0,0,0,0,0,0.0,0,999,0,0,0,0,0,0,0,0,1,0,0,0,0,0,0,0,0,0,0,99,0
410017,1,0,1,1,1,3,2012,12,1,1,44.91278889,-117.8195417,59,0,1,1,8,0,1,4,0,1,0,61,0,1,0,0,0,9,0,1,0,0,0,0,0,0.0,1,999,0,0,0,0,1,0,1,0,0,0,0,0,0,0,0,0,0,0,0,99,0
410018,1,1,1,47,1,4,2012,16,3,3,45.18126389,-122.8048444,8,0,3,1,1,0,1,10,0,1,0,44,1,1,0,0,0,0,0,0,0,0,1,0,0,0.0,0,999,0,0,0,0,0,0,0,0,1,0,0,0,0,0,0,0,0,0,0,99,0
410019,1,0,1,33,1,3,2012,0,2,2,42.343725,-123.5680833,42,0,1,1,4,0,2,10,0,1,0,82,1,0,0,0,0,9,0,0,1,0,0,0,0,0.0,0,999,0,0,0,1,9,0,1,0,0,0,0,0,0,0,0,0,0,0,0,99,0
410020,1,0,3,53,1,1,2012,1,14,6,44.96048333,-123.0810417,42,0,1,1,4,0,3,10,0,1,1,21,3,0,0,0,0,0,1,0,0,0,0,0,0,0.0,0,999,1,0,0,0,1,0,1,0,0,0,0,0,0,0,0,0,0,0,0,99,1
410021,1,1,1,67,2,4,2012,20,13,6,45.44379722,-122.8043861,8,0,1,1,1,0,2,10,0,1,0,40,1,1,0,0,0,9,0,1,0,0,0,0,0,0.0,0,999,0,0,0,0,0,0,0,0,1,0,0,0,0,0,0,0,0,0,0,99,0
410022,1,0,3,33,2,7,2012,22,3,3,42.34223333,-123.3154278,35,0,1,1,4,0,2,1,0,1,1,18,2,1,0,0,0,9,1,0,0,0,0,0,0,0.0,0,999,1,0,0,0,0,0,1,0,0,0,0,0,0,0,0,0,0,0,0,99,1
410023,3,0,6,17,2,2,2012,7,13,2,44.29663889,-121.1664528,12,6,1,1,1,0,4,5,0,2,0,23,3,3,0,0,0,9,2,0,1,0,0,0,0,0.0,0,999,0,0,0,0,9,0,0,0,0,0,0,0,0,0,1,0,0,0,1,99,0
410024,1,0,1,71,2,6,2012,23,3,3,45.41678333,-123.1338361,30,0,1,1,4,0,2,1,0,1,0,58,1,0,0,0,0,9,0,1,0,0,0,0,0,0.0,0,999,0,0,0,0,9,0,1,0,0,0,0,0,0,0,0,0,0,0,0,99,0
410025,1,0,1,3,2,7,2012,0,3,3,44.51503056,-123.4298167,1,0,1,1,1,0,2,5,0,1,1,19,1,0,0,0,0,9,0,1,0,0,0,0,0,0.0,0,999,1,0,0,0,1,0,0,0,0,0,0,0,0,0,0,0,0,0,1,99,0
410026,1,1,1,7,2,2,2012,10,14,2,46.18901944,-123.8301861,8,0,3,2,1,0,1,1,0,1,0,54,2,0,0,0,0,9,0,1,0,0,0,0,0,0.0,0,999,0,0,1,0,0,0,0,0,1,0,0,0,0,0,0,0,0,0,0,99,46
410027,2,0,3,35,2,3,2012,19,2,2,42.017875,-121.8832472,12,2,1,1,1,0,2,10,0,1,0,41,1,2,0,0,0,9,0,1,0,0,1,0,0,0.0,1,999,0,0,0,0,1,0,0,0,0,0,0,0,1,0,0,0,0,0,0,99,0
410028,2,0,2,39,2,5,2012,17,3,3,44.14812778,-123.2004722,12,2,1,1,1,0,5,10,0,1,0,65,2,0,0,0,0,9,2,0,0,0,0,0,0,0.0,0,999,0,0,0,0,9,0,0,0,0,0,0,0,1,0,0,0,0,0,0,99,0
410029,2,0,4,35,2,3,2012,17,2,2,43.44958333,-121.7054194,12,6,1,1,1,0,1,10,0,2,1,41,1,3,0,0,0,9,1,1,0,0,0,0,0,0.0,1,999,1,0,0,0,9,0,0,0,0,0,0,0,0,0,1,0,0,0,0,99,0
410030,1,0,1,29,2,5,2012,8,6,4,42.43980833,-122.8019361,42,0,1,1,5,0,1,1,0,1,1,47,1,0,0,0,0,9,1,0,0,0,0,0,0,0.0,0,999,1,1,0,1,1,0,1,0,0,0,0,0,0,0,0,0,0,0,0,99,0
410031,1,1,1,17,2,5,2012,19,2,2,43.68706944,-121.4900389,8,0,1,1,1,0,2,1,0,1,0,47,2,0,0,0,0,9,0,0,1,0,0,0,0,0.0,0,999,0,0,0,1,0,0,0,0,1,0,0,0,0,0,0,0,0,0,0,99,0
410032,1,0,1,39,2,7,2012,5,1,1,43.89191944,-123.0143361,1,0,1,1,4,0,2,3,0,1,0,66,0,1,0,0,0,9,1,0,0,0,0,0,0,0.0,0,999,0,1,0,1,0,0,1,0,0,0,0,0,0,0,0,0,0,0,0,99,0
410033,1,0,1,47,2,1,2012,21,4,4,45.18018056,-122.7573333,35,0,1,1,4,0,2,10,0,1,1,21,1,0,0,0,0,9,0,0,1,0,0,0,0,0.0,0,999,1,0,0,0,0,0,0,1,0,0,0,0,0,0,0,0,0,0,0,99,0
410034,1,0,1,59,2,2,2012,6,2,3,45.97938333,-118.3872917,1,0,1,1,5,0,1,4,0,1,0,61,1,0,0,0,0,9,0,1,0,0,0,0,0,0.0,1,999,0,0,0,0,1,0,0,1,0,0,0,0,0,0,0,0,0,0,0,99,0
410035,1,1,1,51,2,4,2012,18,13,6,45.50498056,-122.4236167,15,0,3,2,1,0,2,10,0,1,0,41,0,2,0,0,0,9,1,0,0,0,0,0,0,0.0,0,999,0,1,0,2,0,0,0,0,1,0,0,0,0,0,0,0,0,0,0,99,0
410036,1,0,1,71,2,3,2012,99,3,3,45.40216111,-123.1241306,5,0,1,1,4,0,2,99,0,1,0,29,1,0,0,0,0,9,0,0,0,0,0,0,0,1.0,0,999,0,0,0,3,1,0,1,0,0,0,0,0,0,0,0,0,0,0,0,99,0
410038,1,1,2,47,2,4,2012,18,14,6,44.908925,-123.0764694,8,0,1,1,1,0,2,2,0,1,0,25,2,1,0,0,0,9,1,0,0,0,0,0,0,0.0,0,999,0,0,0,0,0,0,0,0,1,0,0,0,0,0,0,0,0,0,0,99,0
410039,2,1,3,61,2,3,2012,13,4,4,45.60706389,-117.9167083,8,0,1,1,1,2,1,10,0,1,0,54,4,0,0,0,0,9,0,0,1,0,0,0,0,0.0,0,46,0,0,0,1,0,0,0,0,1,0,0,0,0,0,0,0,0,0,0,99,1
410040,1,1,1,51,2,4,2012,12,14,6,45.52288056,-122.6435583,8,0,1,1,1,0,1,4,0,1,0,38,2,0,0,0,0,9,1,0,0,0,0,0,0,0.0,0,999,0,0,0,1,0,0,0,0,1,0,0,0,0,0,0,0,0,0,0,99,0
410041,1,0,1,53,3,5,2012,5,2,3,44.96426944,-123.2918028,1,0,1,1,5,0,2,4,0,1,0,22,1,0,0,0,0,9,0,1,0,0,0,0,0,0.0,0,999,0,0,0,0,1,0,1,0,0,0,0,0,0,0,0,0,0,0,0,99,0
410042,1,1,1,9,3,3,2012,22,2,2,45.78928889,-122.8706083,8,0,1,1,1,0,2,1,0,1,0,21,2,0,0,0,0,1,0,1,0,0,0,0,0,0.0,0,999,0,0,0,0,0,0,0,0,1,0,0,0,0,0,0,0,0,0,0,99,0
410043,1,1,1,3,3,6,2012,18,4,4,44.518225,-123.3670528,8,0,1,1,1,0,2,10,0,1,0,51,2,0,0,0,0,9,1,0,0,0,0,0,0,0.0,0,999,0,0,0,0,0,0,0,0,1,0,0,0,0,0,0,0,0,0,0,99,0
410044,1,0,3,59,3,7,2012,22,2,2,45.63022222,-118.8124917,11,0,1,1,1,0,2,10,0,1,0,34,1,2,0,0,0,9,1,0,0,0,0,0,0,0.0,0,999,0,1,0,1,0,0,0,0,1,0,0,0,0,0,0,0,0,0,0,3,0
410045,1,0,4,51,3,2,2012,16,14,6,45.54615,-122.4958361,42,0,1,1,4,0,1,2,0,2,1,41,2,2,0,0,0,9,1,0,0,0,0,0,0,0.0,0,999,1,0,0,0,1,0,1,0,0,0,0,0,0,0,0,0,0,0,0,99,0
410046,1,1,1,51,3,6,2012,2,13,2,45.497325,-122.6226472,8,0,3,2,1,0,3,2,0,1,1,28,2,0,0,0,0,9,0,0,1,0,0,0,0,0.0,0,999,1,0,0,1,0,0,0,0,1,0,0,0,0,0,0,0,0,0,0,99,0
410047,2,0,3,53,3,7,2012,12,2,3,44.99371667,-123.3486944,12,2,1,1,1,0,1,3,0,1,0,75,1,2,0,0,0,0,2,0,0,0,0,0,0,0.0,0,999,0,0,0,0,0,0,0,0,0,0,0,0,1,0,0,0,0,0,0,99,0
410048,2,0,3,17,3,7,2012,18,2,2,44.18513889,-121.3849083,12,2,1,1,1,0,1,1,0,2,2,51,2,1,0,0,0,9,2,0,0,0,0,0,0,0.0,1,999,1,0,0,0,1,0,0,0,0,0,0,0,1,0,0,0,0,0,0,99,0
410049,2,0,2,5,3,6,2012,8,14,6,45.42287778,-122.4589139,12,2,1,1,1,0,1,1,0,1,0,41,1,1,0,0,0,0,1,0,1,0,0,0,0,0.0,0,999,0,1,0,0,0,0,0,0,0,0,0,0,1,0,0,0,0,0,0,99,0
410050,2,0,2,39,3,6,2012,12,2,3,43.59268611,-122.0245639,12,2,1,1,1,0,1,4,0,1,0,37,1,1,0,0,1,9,0,1,1,0,0,0,0,0.0,0,999,0,0,0,1,1,0,0,0,0,0,0,0,1,0,0,0,0,0,0,99,0
410051,1,1,2,51,1,5,2012,19,15,6,45.53426667,-122.4278917,8,0,2,3,1,0,3,1,0,1,0,49,1,2,0,0,0,1,1,0,0,0,0,0,0,0.0,0,999,0,0,0,1,9,0,0,0,1,0,0,0,0,0,0,0,0,0,0,99,9
410052,2,0,2,19,2,4,2012,9,2,2,43.77038056,-124.1382444,12,6,1,1,1,0,1,3,0,1,0,49,1,1,0,0,0,9,0,0,1,0,1,0,0,0.0,0,999,0,0,0,0,1,0,0,0,0,0,0,0,0,0,1,0,0,0,0,99,0
410053,1,1,2,51,3,7,2012,23,14,6,45.523875,-122.7074944,8,0,2,3,1,0,3,2,0,1,1,43,0,3,0,0,0,9,1,0,0,0,0,0,0,0.0,0,999,1,1,0,3,1,0,0,0,1,0,0,0,0,0,0,0,0,0,0,99,11
410054,3,0,5,39,3,4,2012,0,13,6,44.04798889,-123.1624389,12,6,2,2,1,0,3,1,0,2,0,37,4,1,0,0,0,9,2,1,0,0,0,0,0,0.0,0,999,0,0,0,0,0,0,0,0,0,0,0,0,0,0,0,0,0,1,1,0,0
410055,2,0,2,67,1,4,2012,7,2,2,45.62630556,-123.0873306,12,2,1,1,1,0,2,5,0,1,0,40,2,0,0,0,0,9,2,0,0,0,0,0,0,0.0,0,999,0,0,0,0,1,0,0,0,0,0,0,0,1,0,0,0,0,0,0,99,0
410056,2,0,3,39,4,3,2012,14,2,3,44.12368611,-122.3858528,12,6,8,1,1,0,1,1,0,1,0,56,1,2,0,0,0,9,1,0,0,0,0,0,0,0.0,1,999,0,0,0,0,0,0,0,0,0,0,0,0,0,0,0,0,1,0,0,99,0
410057,1,1,4,67,4,1,2012,0,12,2,45.50743056,-122.7745611,8,0,1,1,1,0,3,1,0,1,0,20,4,1,0,0,0,9,1,0,0,0,0,0,0,0.0,0,999,0,1,0,1,0,0,0,0,1,0,0,0,0,0,0,0,0,0,0,99,0
410058,1,1,3,43,2,6,2012,20,13,2,44.62981111,-123.0588417,8,0,1,1,1,0,2,2,0,1,0,19,4,0,0,0,0,1,0,1,0,0,0,0,0,0.0,0,999,0,0,0,0,0,0,0,0,1,0,0,0,0,0,0,0,0,0,0,0,0
410059,2,0,3,5,2,1,2012,18,3,3,45.15098889,-122.6813778,12,6,2,3,1,0,2,1,0,2,0,39,2,1,0,0,0,9,0,0,0,0,1,0,0,0.0,0,999,0,0,0,0,0,0,0,0,0,0,0,0,0,0,0,0,0,1,0,99,0
410060,1,0,1,47,3,4,2012,15,13,6,44.95828056,-122.9836056,1,0,2,3,1,0,1,1,0,1,0,80,1,0,0,0,0,9,0,0,0,0,0,0,0,1.0,0,999,0,0,0,0,0,0,0,0,0,0,0,0,0,0,0,0,0,0,1,99,0
410061,2,0,3,59,4,7,2012,10,4,6,45.78055833,-119.2050111,12,6,2,2,1,0,1,1,0,1,0,43,2,1,0,0,0,9,0,2,0,0,0,0,0,0.0,0,999,0,0,0,0,9,0,0,0,0,0,0,0,0,0,0,0,0,1,0,99,0
410062,2,0,2,39,4,1,2012,3,4,3,43.82322778,-123.0457944,12,2,1,1,1,0,2,1,0,1,1,36,1,1,0,0,0,9,1,1,0,0,0,0,0,0.0,0,999,1,0,0,0,0,0,0,0,0,0,0,0,1,0,0,0,0,0,0,99,0
410063,2,0,2,29,4,1,2012,11,15,6,42.382825,-122.8997639,12,6,1,1,1,0,1,1,0,1,0,39,2,0,0,0,0,0,0,1,0,0,0,0,0,1.0,0,999,0,0,0,1,1,99,0,0,0,0,0,0,0,0,1,0,0,0,0,99,0
410064,1,0,1,7,4,1,2012,11,4,3,45.93528056,-123.4992889,30,0,1,1,4,0,1,10,0,1,0,70,1,0,0,0,0,9,0,0,0,0,0,0,0,1.0,1,999,0,0,0,0,9,0,1,0,0,0,0,0,0,0,0,0,0,0,0,99,0
410065,2,0,2,47,4,3,2012,12,2,4,45.22786944,-122.8645917,53,0,1,1,4,0,1,1,0,1,0,49,1,1,0,0,0,0,1,1,0,0,0,0,0,0.0,0,999,0,0,0,0,0,0,1,0,0,0,0,0,0,0,0,0,0,0,1,99,0
410066,1,0,2,57,4,3,2012,17,3,3,45.47343611,-123.7313472,1,0,1,1,5,0,1,10,0,1,0,70,1,1,0,0,0,0,1,0,0,0,0,0,0,0.0,0,999,0,1,0,0,0,0,0,1,0,0,0,0,0,0,0,0,0,0,0,0,0
410067,2,0,3,45,4,1,2012,15,2,2,44.42173889,-118.115425,12,2,1,1,1,0,1,1,0,3,1,44,2,1,0,0,0,9,0,1,1,0,0,0,0,0.0,1,999,1,0,0,1,9,0,0,0,0,0,0,0,1,0,0,0,0,0,0,99,0
410068,1,1,1,5,4,4,2012,22,14,6,45.33346944,-122.5966639,8,0,1,1,1,0,2,2,0,1,0,19,1,1,0,0,0,9,1,0,0,0,0,0,0,0.0,0,999,0,0,0,1,0,0,0,0,1,0,0,0,0,0,0,0,0,0,0,99,0
410069,1,0,1,39,4,7,2012,20,5,4,44.19576389,-123.2396944,34,0,1,1,5,0,5,1,0,1,1,50,1,0,0,0,0,9,0,0,0,0,0,0,0,1.0,0,999,1,0,0,0,0,99,0,1,0,0,0,0,0,0,0,0,0,0,0,99,0
410070,2,0,2,7,5,4,2012,5,2,2,46.21956944,-123.8640806,12,2,1,1,1,0,4,10,0,1,0,42,2,0,0,0,0,9,1,1,0,0,0,0,0,0.0,1,999,0,0,0,0,9,0,0,0,0,0,0,0,1,0,0,0,0,0,0,99,0
410071,1,0,1,29,5,4,2012,3,4,6,42.435375,-123.1806806,42,0,1,1,4,0,2,1,0,1,1,51,0,1,0,0,0,9,0,0,1,0,0,0,0,0.0,0,999,1,0,0,0,1,0,1,0,0,0,0,0,0,0,0,0,0,0,0,99,0
410072,1,0,3,29,5,2,2012,16,6,4,42.31552778,-122.9843083,35,0,1,1,4,0,1,98,0,1,1,32,2,1,0,0,0,9,0,0,1,0,0,0,0,0.0,0,999,1,0,0,0,1,0,0,1,0,0,0,0,0,0,0,0,0,0,0,99,2
410074,2,0,2,45,5,4,2012,23,3,3,44.08701667,-116.9792361,12,6,1,1,1,0,2,1,0,1,0,34,2,0,0,0,0,9,1,1,0,0,0,0,0,0.0,1,999,0,0,0,2,9,0,0,0,0,0,0,0,0,0,1,0,0,0,0,99,0
410075,1,0,1,9,5,5,2012,14,4,3,45.83454167,-123.2256056,42,0,1,1,4,0,1,1,0,1,0,74,0,1,0,0,0,9,1,0,0,0,0,0,0,0.0,0,999,0,0,0,0,9,0,1,0,0,0,0,0,0,0,0,0,0,0,0,99,0
410076,1,1,1,53,3,7,2012,11,2,3,44.86309444,-123.2291278,9,0,1,1,1,0,1,1,0,1,0,64,2,0,0,0,0,9,0,1,0,0,0,0,0,0.0,0,999,0,0,0,0,0,0,0,0,1,0,0,0,0,0,0,0,0,0,0,99,0
410077,2,0,2,39,4,6,2012,13,14,6,44.05958333,-123.0632444,12,2,1,1,1,0,1,1,0,1,0,72,1,1,0,0,0,9,0,0,1,0,1,0,0,0.0,0,999,0,0,0,1,0,0,0,0,0,0,0,0,1,0,0,0,0,0,0,99,0
410078,1,0,2,37,5,6,2012,13,3,3,42.60674444,-120.4182833,1,0,1,1,1,0,1,10,0,1,0,16,1,1,0,0,0,0,0,0,1,0,0,0,0,0.0,0,999,0,0,0,0,0,0,0,0,0,0,0,0,0,0,0,0,0,0,1,99,0
410079,1,0,2,29,5,7,2012,10,5,4,42.42831389,-123.1136611,5,0,1,1,4,0,1,1,0,1,0,63,1,1,0,0,0,9,0,0,0,0,0,0,0,1.0,0,999,0,0,0,0,0,99,1,0,0,0,0,0,0,0,0,0,0,0,0,99,72
410080,1,0,4,67,5,1,2012,17,6,4,45.76128889,-123.1315944,35,0,1,1,4,0,1,1,0,1,0,28,1,3,0,0,0,9,0,0,1,0,0,0,0,0.0,0,999,0,0,0,0,0,0,1,0,0,0,0,0,0,0,0,0,0,0,0,99,0